,Unnamed: 0,cust_id,address_1,phone1,cust_id.1,zip,email,scores,outliers
0,0,1001,6649 N Blue Gum St$$,504-621-8927,1001,70116,jbutt@gmail.com,-0.02878590923228408,-1
2,2,1003,8 W Cerritos Ave #54,856-636-8749,1003,8014,art@venere.org,-0.006151983862812793,-1
3,3,1004,639 Main St$$,907-385-4412,1004,99501,lpaprocki@hotmail.com,-0.008794302028743872,-1
89,89,1090,3 Fort Worth Ave,215-255-1641,1090,19106,tshields@gmail.com,-0.0028333483936422432,-1
98,98,1099,64 5th Ave #1153,703-235-3937,1099,22102,lisha@centini.org,-0.06371563721153073,-1
